meski masa kampanye sudah selesai , bukan berati habis pula upaya mengerek tingkat kedipilihan elektabilitas .	neutral
tidak enak	negative
restoran ini menawarkan makanan sunda . kami memesan ayam goreng , kangkung , sayur asam , ikan gurame goreng , ikan bakar , nasi goreng , karedok , tahu tempe , nasi putih , nasi merah etc minuman yang mereka tawarkan juga cukup variatif . rasa makanan enak dan harga murah . kami 9 dewasa dan 5 anak kecil , hanya menghabiskan 800,000	positive
lokasi di alun alun masakan padang ini cukup terkenal dengan kepala ikan kakap gule , biasa saya pesan nasi bungkus padang berisikan rendang , ayam pop dan perkedel . porsi banyak dan mengenyangkan	positive
betapa bejad kader gerindra yang anggota dprd mencabuli anak smp , rakyat harus cerdas partai mana yang harus di tengelamkan di 2019	negative
kampiun bistro berada di jalan . kebon kawung , sebelah kanan seberang stasiun kota bandung . harga makanan dan minuman nya sangat terjangkau . ada live musik juga . dan kalau beruntung , anda akan bertemu dengan yuke dewa19 di tempat ini .	positive
kamar nya sempit tidak ada tempat menyimpan barang malah menambah barang . by the way ini kipas2 mau diletakkan mana . mana uchiwa segede ini pula .	negative
saya tadi mampir ke restauran ini , mungkin letak nya strategis , pertama masuk dikasih senyuman manis sama mbak yang ramah , di situ pun saya memesan chiken grill , es thai tea dan super duper ice cream . enak . saya suka .	positive
jangan percaya dengan agama buddha . agama itu saja tidak punya tuhan . agama sesat itu .	negative
kafe ini menawarkan sesuatu hal yang sebelumnya saya tak suka tapi akhirnya saya bisa rekomendasi karena enak rasanya yaitu terong goreng ! di sini saya baru bisa menikmati terong yang diolah sehingga terasa lezat :	positive
yusri seorang ibu yang tidak tahu diri . sudah tidak punya uang mebel lagi . melihat muka ibu dikaca . sudah dibantu tidak terima kasih . dasar maling .	negative
menemukan bocah-bocah sampai yang komentar di yutub pakai kata-kata kotor begitu . yang mengajarkan siapa dah ? sedih :	negative
indomaret adalah penjahat anyar dalam dunia perdagangan	negative
malah .. !!! tren si tukang fitnah bicara iman , dasar akun sapi yang takut kehilangan kursi cawapres prabowo makanya busukkan nama ahy dan say	negative
tahun 2018 , bri ingin akuisisi 2 bank cilik	neutral
pilihan bakso nya sangat beragam dan kelebihan nya adalah kita bebas memilih jenis dan jumlah bakso yang kita inginkan	positive
dulu mau modalin , sediakan tempat , dan carikan pembeli . kok sekarang sindir warga zaman now bergantung pada pemerintah . tidak jelas banget .	negative
tempa nya sangat memanjakan pengunjung . dengan suasana pedesaan , banyak nya pohon-pohon menambang kesejukan di tempat ini . tapi , pengunjung memang harus siap dengan harga makanan dan minuman yang diperjualbelikan di sini	positive
musnahkan lgbt , gay , homo , dan lesbian dari muka bumi ini . ancaman terbesar untuk umat manusia dibumi . jika dibiarkan manusia akan punah .	negative
banyak pilihan menu khas bakso , bakso rawit dan bakso granat yang pedas , dan sop iga nya mantap , dengan banyak pilihan minuman , yang saya suka adalah rainbow jely	positive
piring kaleng , gelas kaleng , makanan rumahan , es cincau , dan yang terpenting , cumi masak hitam yang tak terkalahkan oleh rumah makan di mana pun . makan ala prasmanan dengan pilihan nasi merah yang cocok bagi pelaku diet , barisan lauk pauk yang bisa kita pilih semau nya , pilihan sambal dan lalapan yang bisa diambil sebanyak kita mau , dan harga yang sangat ramah kantong .	positive
pertama datang ke sini karena rekomendasi dari medsos . tertarik melihat minuman dengan aromanis diatas nya dan kue cantik lainnya . tempat nya di lantai 3 mayfair building . jangan sampai kelewat ya , karena pertama ke sana cukup kesulitan . begitu masuk ke tempat nya kata yang terlintas adalah manis . mulai dari dekorasi dan konsep yang diterapkan sampai menu makanan nya .	positive
senang nya pakai kartu	positive
trans corp kembali berniat membuka transmart	neutral
: kalau subscriber youtube netmediatama mencapai 1 juta .	neutral
gue bingung sama pemerintahan jokowi . banyak orang yang muji dia padahal dia cuma bisa merusak negara kita saja . aneh	negative
kalau melihat desain nya pixel 3 sih biasa saja , tapi iklan nya ini bagus banget sampai bikin barang nya jadi terlihat wah banget	positive
menu-menu tradisional sunda dengan tempat dan wadah yang unik makanan nya banyak ragam minuman dan makanan khas sunda yang jarang dijumpai di luar , ternyata ada di sini .	positive
ampera benhil . pegawai judes , banyak asap rokok , kotor . ini cabang ampera yang paling mengecewakan .	negative